"Study","Study.year","Trial","Source","Day","Accommodation","Life.stage","Parasite","Parasite.kind","Pesticide","Pesticide.family","Treatment","Experimental.proportion","Control.proportion","Experimental.sample.size","Control.sample.size","Experimental.died","Experimental.survived","Control.died","Control.survived","lRR","vv"
"Alaux et al 2010",2010,"Al1","Fig 1 a",10,"Enclosures","Adults","Nosema ceranae","Nosema","Imidacloprid","Neonicotinoid","combined",0.403591682,0.058601134,270,270,108.96975414,161.03024586,15.82230618,254.17769382,1.92964963082114,0.0649713627807493
"Alaux et al 2010",2010,"Al2","Fig 1 a",10,"Enclosures","Adults","Nosema ceranae","Nosema","Imidacloprid","Neonicotinoid","combined",0.459081836,0.05988024,270,270,123.95209572,146.04790428,16.1676648,253.8323352,2.036881918548,0.0625120768056237
"Alaux et al 2010",2010,"Al3","Fig 1 a",10,"Enclosures","Adults","Nosema ceranae","Nosema","Imidacloprid","Neonicotinoid","combined",0.703578154,0.061770245,270,270,189.96610158,80.03389842,16.67796615,253.32203385,2.43275718746332,0.0578160390891291
"Aufauvre et al 2012",2012,"Au1","Fig 1 a",22,"Enclosures","Adults","Nosema ceranae","Nosema","Fipronil","Non-neonicotinoid","combined",0.842639594,0.246192893,150,150,126.3959391,23.6040609,36.92893395,113.07106605,1.23042399215041,0.0216573510969496
"Aufauvre et al 2012",2012,"Au2","Fig 1 b",16,"Enclosures","Adults","Nosema ceranae","Nosema","Fipronil","Non-neonicotinoid","combined",0.813679245,0.240566038,150,150,122.05188675,27.94811325,36.0849057,113.9150943,1.21857160230122,0.0225723216547166
"Aufauvre et al 2012",2012,"Au3","Fig 1 c",16,"Enclosures","Adults","Nosema ceranae","Nosema","Fipronil","Non-neonicotinoid","combined",0.67961165,0.283980583,150,150,101.9417475,48.0582525,42.59708745,107.40291255,0.872615665981994,0.0199519739196538
"Aufauvre et al 2012",2012,"Au4","Fig 1 d",16,"Enclosures","Adults","Nosema ceranae","Nosema","Fipronil","Non-neonicotinoid","combined",0.72029703,0.247524752,150,150,108.0445545,41.9554455,37.1287128,112.8712872,1.06815308351577,0.0228554410559136
"Aufauvre et al 2014",2014,"Auf1","SI_2_B",7,"Enclosures","Adults","Nosema ceranae","Nosema","Imidacloprid","Neonicotinoid","combined",0.699834163,0.185737977,140,140,97.97678282,42.02321718,26.00331678,113.99668322,1.32650644225611,0.0343774179768526
"Aufauvre et al 2014",2014,"Auf2","Fig 1",25,"Enclosures","Adults","Nosema ceranae","Nosema","Fipronil","Non-neonicotinoid","combined",0.651581485,0.198526379,165,165,107.510945025,57.489054975,32.756852535,132.243147465,1.18848047866702,0.0277081299917527
"Aufauvre et al 2014",2014,"Auf3","SI_2_B",12,"Enclosures","Adults","Nosema ceranae","Nosema","Fipronil","Non-neonicotinoid","combined",0.691764706,0.190588235,140,140,96.84705884,43.15294116,26.6823529,113.3176471,1.28913061437952,0.0335177987099334
"Coulon et al 2018",2018,"Co1","Fig 4",10,"Enclosures","Adults","CBPV","Virus","Thiamethoxam","Neonicotinoid","combined",0.422222222,0.044444444,270,270,113.99999994,156.00000006,11.99999988,258.00000012,2.25129180808018,0.0846978565884375
"Coulon et al 2018",2018,"Co2","Fig 4",10,"Enclosures","Adults","CBPV","Virus","Thiamethoxam","Neonicotinoid","combined",0.955555556,0.044444444,270,270,258.00000012,11.99999988,11.99999988,258.00000012,3.06805294559873,0.0798018957497045
"Diao et al 2018",2018,"Di1","Fig 5 a",4,"Enclosures","Adults","CBPV","Virus","Imidacloprid","Neonicotinoid","combined",0.525606469,0.032345013,90,90,47.30458221,42.69541779,2.91105117,87.08894883,2.78809292352062,0.342435902502904
"Diao et al 2018",2018,"Di2","Fig 5 a",4,"Enclosures","Adults","CBPV","Virus","Imidacloprid","Neonicotinoid","combined",0.598382749,0.032345013,90,90,53.85444741,36.14555259,2.91105117,87.08894883,2.91777074628923,0.339864869941884
"Diao et al 2018",2018,"Di3","Fig 5 a",4,"Enclosures","Adults","CBPV","Virus","Imidacloprid","Neonicotinoid","combined",0.781671159,0.032345013,90,90,70.35040431,19.64959569,2.91105117,87.08894883,3.18497428790459,0.335510860750707
"Doublet et al 2015",2015,"Do1","Fig 6 a",25,"Enclosures","Adults","BQCV","Virus","Thiacloprid","Neonicotinoid","combined",0.632231405,0.512396694,120,120,75.8677686,44.1322314,61.48760328,58.51239672,0.210156356272113,0.0127776020862173
"Doublet et al 2015",2015,"Do2","Fig 6 b",25,"Enclosures","Adults","Nosema ceranae","Nosema","Thiacloprid","Neonicotinoid","combined",0.941787942,0.513513514,120,120,113.01455304,6.98544695999999,61.62162168,58.37837832,0.606503788132854,0.00840982144578383
"Doublet et al 2015",2015,"Do3","Fig 6 d",25,"Enclosures","Adults","Nosema ceranae","Nosema","Thiacloprid","Neonicotinoid","combined",0.94335512,0.511982571,120,120,113.2026144,6.7973856,61.43790852,58.56209148,0.611152213664365,0.00844364731502146
"Doublet et al 2015",2015,"Do4","Fig 1",11,"Enclosures","Immatures","BQCV","Virus","Thiacloprid","Neonicotinoid","combined",0.162100457,0.102739726,48,48,7.780821936,40.219178064,4.931506848,43.068493152,0.456017389875691,0.289632237625263
"Doublet et al 2015",2015,"Do5","Fig 1",11,"Enclosures","Immatures","BQCV","Virus","Thiacloprid","Neonicotinoid","combined",0.310502283,0.102739726,48,48,14.904109584,33.095890416,4.931506848,43.068493152,1.10599239589416,0.228206699423173
"Doublet et al 2015",2015,"Do6","Fig 1",11,"Enclosures","Immatures","BQCV","Virus","Thiacloprid","Neonicotinoid","combined",0.915525114,0.102739726,48,48,43.945205472,4.054794528,4.931506848,43.068493152,2.18729893763334,0.183866722141613
"Fine et al 2017",2017,"Fi1","Fig 3",20,"Enclosures","Immatures","Exogenous viruses","Virus","Oss","Non-neonicotinoid","combined",0.676724138,0.245689655,216,216,146.172413808,69.827586192,53.06896548,162.93103452,1.01319453831742,0.0164253817021833
"Garrido et al 2016",2016,"Ge1","Fig 1",12,"Enclosures","Adults","Nosema ceranae","Nosema","Tau-fluvalinate","Non-neonicotinoid","combined",0.286764706,0.239130435,200,200,57.3529412,142.6470588,47.826087,152.173913,0.181652883585484,0.0283449883188269
"Garrido et al 2016",2016,"Ge2","Fig 1",12,"Enclosures","Adults","Nosema ceranae","Nosema","Coumaphos","Non-neonicotinoid","combined",0.3,0.239130435,200,200,60,140,47.826087,152.173913,0.226773318455698,0.0275757575567493
"Grassl et al 2018",2018,"Gra1","Fig 2",18,"Hive","Adults","Nosema apis","Nosema","Thiamethoxam","Neonicotinoid","combined",0.773417722,0.641561181,400,400,309.3670888,90.6329112,256.6244724,143.3755276,0.186914742021626,0.00212915038455315
"Gregorc et al 2016",2016,"Gre1","Fig 2",33,"Enclosures","Adults","Nosema ceranae","Nosema","Thiamethoxam","Neonicotinoid","combined",0.937007874,0.996062992,75,75,70.27559055,4.72440945,74.7047244,0.295275599999997,-0.0611188149463701,0.000949059467615752
"Gregorc et al 2016",2016,"Gre2","Fig 2",33,"Enclosures","Adults","Nosema ceranae","Nosema","Thiamethoxam","Neonicotinoid","combined",0.996062992,0.996062992,75,75,74.7047244,0.295275599999997,74.7047244,0.295275599999997,0,0.000105401847918466
"Gregorc et al 2016",2016,"Gre3","Fig 3",8,"Enclosures","Adults","Nosema ceranae","Nosema","Thiamethoxam","Neonicotinoid","combined",0.801742919,0.39869281,75,75,60.130718925,14.869281075,29.90196075,45.09803925,0.698596785988638,0.0234063911132277
"Gregorc et al 2016",2016,"Gre4","Fig 3",8,"Enclosures","Adults","Nosema ceranae","Nosema","Thiamethoxam","Neonicotinoid","combined",0.732026144,0.39869281,75,75,54.9019608,20.0980392,29.90196075,45.09803925,0.607625008555039,0.0249902420316114
"Papach et al 2017",2017,"Pa1","Fig 3",19,"Enclosures","Immatures","American foulbrood","Other","Thiamethoxam","Neonicotinoid","combined",0.42012848,0.178265525,96,96,40.33233408,55.66766592,17.1134904,78.8865096,0.857286416984102,0.0623941026753623
"Papach et al 2017",2017,"Pa2","Fig 4",19,"Enclosures","Immatures","American foulbrood","Other","Thiamethoxam","Neonicotinoid","combined",0.41686747,0.175903614,96,96,40.01927712,55.98072288,16.886746944,79.113253056,0.862832156241145,0.0633726609540442
"Retschnig et al 2014",2014,"Re1","Fig 1",14,"Enclosures","Adults","Nosema ceranae","Nosema","Thiacloprid","Neonicotinoid","combined",0.408551069,0.026128266,80,80,32.68408552,47.31591448,2.09026128,77.90973872,2.74959920557269,0.484005021741817
"Retschnig et al 2014",2014,"Re2","Fig 1",14,"Enclosures","Adults","Nosema ceranae","Nosema","Thiacloprid","Neonicotinoid","combined",0.786223278,0.026128266,80,80,62.89786224,17.10213776,2.09026128,77.90973872,3.40422310396622,0.469307883056935
"Retschnig et al 2015",2015,"Ret1","Fig 1",14,"Hive","Adults","Nosema ceranae","Nosema","Thiacloprid and tau-fluvalinate","Neonicotinoid","combined",0.541076487,0.439093484,594,594,321.399433278,272.600566722,260.821529496,333.178470504,0.208848311616253,0.0035784291197668
"Retschnig et al 2015",2015,"Ret2","Fig 2",11,"Hive","Adults","Nosema ceranae","Nosema","Thiacloprid and tau-fluvalinate","Neonicotinoid","combined",0.603399433,0.575070822,594,594,358.419263202,235.580736798,341.592068268,252.407931732,0.0480861851409835,0.00235049368891533
"Straub et al 2019",2019,"St1","SI",23,"Enclosures","Adults","Varroa","Other","Thiamethoxam and clothianidin","Neonicotinoid","combined",0.873646209,0.537906137,277,277,241.999999893,35.000000107,148.999999949,128.000000051,0.48499142011136,0.00362342419855789
"Straub et al 2019",2019,"St2","SI",17,"Enclosures","Adults","Varroa","Other","Thiamethoxam and clothianidin","Neonicotinoid","combined",0.876106195,0.433224756,226,307,198.00000007,27.99999993,133.000000092,173.999999908,0.704230650449499,0.00488719428470979
"Vidau et al 2011",2011,"Vi1","Fig 3 A",10,"Enclosures","Adults","Nosema ceranae","Nosema","Fipronil","Non-neonicotinoid","combined",0.823343849,0.100946372,150,150,123.50157735,26.49842265,15.1419558,134.8580442,2.09878450740755,0.0608053960658774
"Vidau et al 2011",2011,"Vi2","Fig 3 A",10,"Enclosures","Adults","Nosema ceranae","Nosema","Thiacloprid","Neonicotinoid","combined",0.706624606,0.100946372,150,150,105.9936909,44.0063091,15.1419558,134.8580442,1.94591015188567,0.06214285729541
"Alaux et al 2010",2010,"Al1","Fig 1 a",10,"Enclosures","Adults","Nosema ceranae","Nosema","Imidacloprid","Neonicotinoid","parasite",0.283553875,0.058601134,270,270,76.55954625,193.44045375,15.82230618,254.17769382,1.5766480924552,0.0688562328199674
"Alaux et al 2010",2010,"Al2","Fig 1 a",10,"Enclosures","Adults","Nosema ceranae","Nosema","Imidacloprid","Neonicotinoid","parasite",0.284431138,0.05988024,270,270,76.79640726,193.20359274,16.1676648,253.8323352,1.55814461101497,0.0674658864321461
"Alaux et al 2010",2010,"Al3","Fig 1 a",10,"Enclosures","Adults","Nosema ceranae","Nosema","Imidacloprid","Neonicotinoid","parasite",0.286252354,0.061770245,270,270,77.28813558,192.71186442,16.67796615,253.32203385,1.53345200238878,0.065490538505867
"Aufauvre et al 2012",2012,"Au1","Fig 1 a",22,"Enclosures","Adults","Nosema ceranae","Nosema","Fipronil","Non-neonicotinoid","parasite",0.390862944,0.246192893,150,150,58.6294416,91.3705584,36.92893395,113.07106605,0.462241625123528,0.0308019815748275
"Aufauvre et al 2012",2012,"Au2","Fig 1 b",16,"Enclosures","Adults","Nosema ceranae","Nosema","Fipronil","Non-neonicotinoid","parasite",0.389150943,0.240566038,150,150,58.37264145,91.62735855,36.0849057,113.9150943,0.480972658500088,0.0315103980856469
"Aufauvre et al 2012",2012,"Au3","Fig 1 c",16,"Enclosures","Adults","Nosema ceranae","Nosema","Fipronil","Non-neonicotinoid","parasite",0.274271845,0.283980583,150,150,41.14077675,108.85922325,42.59708745,107.40291255,-0.0347861165216911,0.0344492347337755
"Aufauvre et al 2012",2012,"Au4","Fig 1 d",16,"Enclosures","Adults","Nosema ceranae","Nosema","Fipronil","Non-neonicotinoid","parasite",0.227722772,0.247524752,150,150,34.1584158,115.8415842,37.1287128,112.8712872,-0.0833816082364424,0.0428753624061921
"Aufauvre et al 2014",2014,"Auf1","SI_2_B",7,"Enclosures","Adults","Nosema ceranae","Nosema","Imidacloprid","Neonicotinoid","parasite",0.509121061,0.185737977,140,140,71.27694854,68.72305146,26.00331678,113.99668322,1.00834887441562,0.0382006996259082
"Aufauvre et al 2014",2014,"Auf2","Fig 1",25,"Enclosures","Adults","Nosema ceranae","Nosema","Fipronil","Non-neonicotinoid","parasite",0.459376289,0.198526379,165,165,75.797087685,89.202912315,32.756852535,132.243147465,0.838947692963974,0.0315998704532319
"Aufauvre et al 2014",2014,"Auf3","SI_2_B",12,"Enclosures","Adults","Nosema ceranae","Nosema","Fipronil","Non-neonicotinoid","parasite",0.515294118,0.190588235,140,140,72.14117652,67.85882348,26.6823529,113.3176471,0.994622577372204,0.0370539489744371
"Coulon et al 2018",2018,"Co1","Fig 4",10,"Enclosures","Adults","CBPV","Virus","Thiamethoxam","Neonicotinoid","parasite",0.304761905,0.044444444,270,270,82.28571435,187.71428565,11.99999988,258.00000012,1.92529087263383,0.0880787045275427
"Coulon et al 2018",2018,"Co2","Fig 4",10,"Enclosures","Adults","CBPV","Virus","Thiamethoxam","Neonicotinoid","parasite",0.304761905,0.044444444,270,270,82.28571435,187.71428565,11.99999988,258.00000012,1.92529087263383,0.0880787045275427
"Diao et al 2018",2018,"Di1","Fig 5 a",4,"Enclosures","Adults","CBPV","Virus","Imidacloprid","Neonicotinoid","parasite",0.067385445,0.032345013,90,90,6.06469005,83.93530995,2.91105117,87.08894883,0.733969193630201,0.486185189625506
"Diao et al 2018",2018,"Di2","Fig 5 a",4,"Enclosures","Adults","CBPV","Virus","Imidacloprid","Neonicotinoid","parasite",0.067385445,0.032345013,90,90,6.06469005,83.93530995,2.91105117,87.08894883,0.733969193630201,0.486185189625506
"Diao et al 2018",2018,"Di3","Fig 5 a",4,"Enclosures","Adults","CBPV","Virus","Imidacloprid","Neonicotinoid","parasite",0.067385445,0.032345013,90,90,6.06469005,83.93530995,2.91105117,87.08894883,0.733969193630201,0.486185189625506
"Doublet et al 2015",2015,"Do1","Fig 6 a",25,"Enclosures","Adults","BQCV","Virus","Thiacloprid","Neonicotinoid","parasite",0.493801653,0.512396694,120,120,59.25619836,60.74380164,61.48760328,58.51239672,-0.0369651935965434,0.016472645884284
"Doublet et al 2015",2015,"Do2","Fig 6 b",25,"Enclosures","Adults","Nosema ceranae","Nosema","Thiacloprid","Neonicotinoid","parasite",0.638253638,0.513513514,120,120,76.59043656,43.40956344,61.62162168,58.37837832,0.217459409614457,0.0126178638677505
"Doublet et al 2015",2015,"Do3","Fig 6 d",25,"Enclosures","Adults","Nosema ceranae","Nosema","Thiacloprid","Neonicotinoid","parasite",0.736383442,0.511982571,120,120,88.36601304,31.63398696,61.43790852,58.56209148,0.36346038059919,0.0109264971232718
"Doublet et al 2015",2015,"Do4","Fig 1",11,"Enclosures","Immatures","BQCV","Virus","Thiacloprid","Neonicotinoid","parasite",0.063926941,0.102739726,48,48,3.068493168,44.931506832,4.931506848,43.068493152,-0.474457973685592,0.487003966469076
"Doublet et al 2015",2015,"Do5","Fig 1",11,"Enclosures","Immatures","BQCV","Virus","Thiacloprid","Neonicotinoid","parasite",0.246575342,0.102739726,48,48,11.835616416,36.164383584,4.931506848,43.068493152,0.875468735731678,0.24560185206552
"Doublet et al 2015",2015,"Do6","Fig 1",11,"Enclosures","Immatures","BQCV","Virus","Thiacloprid","Neonicotinoid","parasite",0.835616438,0.102739726,48,48,40.109589024,7.890410976,4.931506848,43.068493152,2.09597084347148,0.186042805164883
"Fine et al 2017",2017,"Fi1","Fig 3",20,"Enclosures","Immatures","Exogenous viruses","Virus","Oss","Non-neonicotinoid","parasite",0.439655172,0.245689655,216,216,94.965517152,121.034482848,53.06896548,162.93103452,0.581921545210299,0.0201142835533104
"Garrido et al 2016",2016,"Ge1","Fig 1",12,"Enclosures","Adults","Nosema ceranae","Nosema","Tau-fluvalinate","Non-neonicotinoid","parasite",0.25,0.239130435,200,200,50,150,47.826087,152.173913,0.044451761661743,0.0309090908900826
"Garrido et al 2016",2016,"Ge2","Fig 1",12,"Enclosures","Adults","Nosema ceranae","Nosema","Coumaphos","Non-neonicotinoid","parasite",0.25,0.239130435,200,200,50,150,47.826087,152.173913,0.044451761661743,0.0309090908900826
"Grassl et al 2018",2018,"Gra1","Fig 2",18,"Hive","Adults","Nosema apis","Nosema","Thiamethoxam","Neonicotinoid","parasite",0.640506329,0.641561181,400,400,256.2025316,143.7974684,256.6244724,143.3755276,-0.00164554866230091,0.00279990655061334
"Gregorc et al 2016",2016,"Gre1","Fig 2",33,"Enclosures","Adults","Nosema ceranae","Nosema","Thiamethoxam","Neonicotinoid","parasite",0.937007874,0.996062992,75,75,70.27559055,4.72440945,74.7047244,0.295275599999997,-0.0611188149463701,0.000949059467615752
"Gregorc et al 2016",2016,"Gre2","Fig 2",33,"Enclosures","Adults","Nosema ceranae","Nosema","Thiamethoxam","Neonicotinoid","parasite",0.937007874,0.996062992,75,75,70.27559055,4.72440945,74.7047244,0.295275599999997,-0.0611188149463701,0.000949059467615752
"Gregorc et al 2016",2016,"Gre3","Fig 3",8,"Enclosures","Adults","Nosema ceranae","Nosema","Thiamethoxam","Neonicotinoid","parasite",0.734204793,0.39869281,75,75,55.065359475,19.934640525,29.90196075,45.09803925,0.610596778619906,0.0249361937119544
"Gregorc et al 2016",2016,"Gre4","Fig 3",8,"Enclosures","Adults","Nosema ceranae","Nosema","Thiamethoxam","Neonicotinoid","parasite",0.734204793,0.39869281,75,75,55.065359475,19.934640525,29.90196075,45.09803925,0.610596778619906,0.0249361937119544
"Papach et al 2017",2017,"Pa1","Fig 3",19,"Enclosures","Immatures","American foulbrood","Other","Thiamethoxam","Neonicotinoid","parasite",0.366167024,0.178265525,96,96,35.152034304,60.847965696,17.1134904,78.8865096,0.719815426756379,0.0660479556931512
"Papach et al 2017",2017,"Pa2","Fig 4",19,"Enclosures","Immatures","American foulbrood","Other","Thiamethoxam","Neonicotinoid","parasite",0.146987952,0.175903614,96,96,14.110843392,81.889156608,16.886746944,79.113253056,-0.179585573060865,0.109252189596333
"Retschnig et al 2014",2014,"Re1","Fig 1",14,"Enclosures","Adults","Nosema ceranae","Nosema","Thiacloprid","Neonicotinoid","parasite",0.349168646,0.026128266,80,80,27.93349168,52.06650832,2.09026128,77.90973872,2.5925373150218,0.489208411254146
"Retschnig et al 2014",2014,"Re2","Fig 1",14,"Enclosures","Adults","Nosema ceranae","Nosema","Thiacloprid","Neonicotinoid","parasite",0.349168646,0.026128266,80,80,27.93349168,52.06650832,2.09026128,77.90973872,2.5925373150218,0.489208411254146
"Retschnig et al 2015",2015,"Ret1","Fig 1",14,"Hive","Adults","Nosema ceranae","Nosema","Thiacloprid and tau-fluvalinate","Neonicotinoid","parasite",0.512747875,0.439093484,594,594,304.57223775,289.42776225,260.821529496,333.178470504,0.15507191461081,0.00375032929537723
"Retschnig et al 2015",2015,"Ret2","Fig 2",11,"Hive","Adults","Nosema ceranae","Nosema","Thiacloprid and tau-fluvalinate","Neonicotinoid","parasite",0.583569405,0.575070822,594,594,346.64022657,247.35977343,341.592068268,252.407931732,0.0146701887601567,0.00244530048490996
"Straub et al 2019",2019,"St1","SI",23,"Enclosures","Adults","Varroa","Other","Thiamethoxam and clothianidin","Neonicotinoid","parasite",0.892086331,0.537906137,278,277,248.000000018,29.999999982,148.999999949,128.000000051,0.505878833131087,0.00353643685708644
"Straub et al 2019",2019,"St2","SI",17,"Enclosures","Adults","Varroa","Other","Thiamethoxam and clothianidin","Neonicotinoid","parasite",0.733606557,0.433224756,244,307,178.999999908,65.000000092,133.000000092,173.999999908,0.526716198707301,0.00574969952295678
"Vidau et al 2011",2011,"Vi1","Fig 3 A",10,"Enclosures","Adults","Nosema ceranae","Nosema","Fipronil","Non-neonicotinoid","parasite",0.476340694,0.100946372,150,150,71.4511041,78.5488959,15.1419558,134.8580442,1.55154393637695,0.0667039184793301
"Vidau et al 2011",2011,"Vi2","Fig 3 A",10,"Enclosures","Adults","Nosema ceranae","Nosema","Thiacloprid","Neonicotinoid","parasite",0.476340694,0.100946372,150,150,71.4511041,78.5488959,15.1419558,134.8580442,1.55154393637695,0.0667039184793301
"Alaux et al 2010",2010,"Al1","Fig 1 a",10,"Enclosures","Adults","Nosema ceranae","Nosema","Imidacloprid","Neonicotinoid","pesticide",0.105860113,0.058601134,270,270,28.58223051,241.41776949,15.82230618,254.17769382,0.59136448594528,0.0907812770401157
"Alaux et al 2010",2010,"Al2","Fig 1 a",10,"Enclosures","Adults","Nosema ceranae","Nosema","Imidacloprid","Neonicotinoid","pesticide",0.166666667,0.05988024,270,270,45.00000009,224.99999991,16.1676648,253.8323352,1.02364924419465,0.0766666661274074
"Alaux et al 2010",2010,"Al3","Fig 1 a",10,"Enclosures","Adults","Nosema ceranae","Nosema","Imidacloprid","Neonicotinoid","pesticide",0.182297552,0.061770245,270,270,49.22033904,220.77966096,16.67796615,253.32203385,1.08221847715312,0.0728687463966322
"Aufauvre et al 2012",2012,"Au1","Fig 1 a",22,"Enclosures","Adults","Nosema ceranae","Nosema","Fipronil","Non-neonicotinoid","pesticide",0.319796954,0.246192893,150,150,47.9695431,102.0304569,36.92893395,113.07106605,0.261570929092834,0.0345922653785386
"Aufauvre et al 2012",2012,"Au2","Fig 1 b",16,"Enclosures","Adults","Nosema ceranae","Nosema","Fipronil","Non-neonicotinoid","pesticide",0.299528302,0.240566038,150,150,44.9292453,105.0707547,36.0849057,113.9150943,0.219214272454234,0.0366363027762478
"Aufauvre et al 2012",2012,"Au3","Fig 1 c",16,"Enclosures","Adults","Nosema ceranae","Nosema","Fipronil","Non-neonicotinoid","pesticide",0.351941748,0.283980583,150,150,52.7912622,97.2087378,42.59708745,107.40291255,0.214559807161398,0.0290849788157631
"Aufauvre et al 2012",2012,"Au4","Fig 1 d",16,"Enclosures","Adults","Nosema ceranae","Nosema","Fipronil","Non-neonicotinoid","pesticide",0.311881188,0.247524752,150,150,46.7821782,103.2178218,37.1287128,112.8712872,0.231111722502434,0.0349756614355165
"Aufauvre et al 2014",2014,"Auf1","SI_2_B",7,"Enclosures","Adults","Nosema ceranae","Nosema","Imidacloprid","Neonicotinoid","pesticide",0.262023217,0.185737977,140,140,36.68325038,103.31674962,26.00331678,113.99668322,0.344096159619191,0.0514313161780921
"Aufauvre et al 2014",2014,"Auf2","Fig 1",25,"Enclosures","Adults","Nosema ceranae","Nosema","Fipronil","Non-neonicotinoid","pesticide",0.37929079,0.198526379,165,165,62.58298035,102.41701965,32.756852535,132.243147465,0.647381183843151,0.034385536619634
"Aufauvre et al 2014",2014,"Auf3","SI_2_B",12,"Enclosures","Adults","Nosema ceranae","Nosema","Fipronil","Non-neonicotinoid","pesticide",0.472941176,0.190588235,140,140,66.21176464,73.78823536,26.6823529,113.3176471,0.908855753934822,0.0382952960796031
"Coulon et al 2018",2018,"Co1","Fig 4",10,"Enclosures","Adults","CBPV","Virus","Thiamethoxam","Neonicotinoid","pesticide",0.079365079,0.044444444,270,270,21.42857133,248.57142867,11.99999988,258.00000012,0.579818500652942,0.122592593640593
"Coulon et al 2018",2018,"Co2","Fig 4",10,"Enclosures","Adults","CBPV","Virus","Thiamethoxam","Neonicotinoid","pesticide",0.549206349,0.044444444,270,270,148.28571423,121.71428577,11.99999988,258.00000012,2.5142342745068,0.0826696647194038
"Diao et al 2018",2018,"Di1","Fig 5 a",4,"Enclosures","Adults","CBPV","Virus","Imidacloprid","Neonicotinoid","pesticide",0.520215633,0.032345013,90,90,46.81940697,43.18059303,2.91105117,87.08894883,2.77778355305341,0.342654965744415
"Diao et al 2018",2018,"Di2","Fig 5 a",4,"Enclosures","Adults","CBPV","Virus","Imidacloprid","Neonicotinoid","pesticide",0.579514825,0.032345013,90,90,52.15633425,37.84366575,2.91105117,87.08894883,2.8857313934385,0.340469427971493
"Diao et al 2018",2018,"Di3","Fig 5 a",4,"Enclosures","Adults","CBPV","Virus","Imidacloprid","Neonicotinoid","pesticide",0.649595687,0.032345013,90,90,58.46361183,31.53638817,2.91105117,87.08894883,2.99989029794228,0.338400957895668
"Doublet et al 2015",2015,"Do1","Fig 6 a",25,"Enclosures","Adults","BQCV","Virus","Thiacloprid","Neonicotinoid","pesticide",0.450413223,0.512396694,120,120,54.04958676,65.95041324,61.48760328,58.51239672,-0.128933683268465,0.0180983032581274
"Doublet et al 2015",2015,"Do2","Fig 6 b",25,"Enclosures","Adults","Nosema ceranae","Nosema","Thiacloprid","Neonicotinoid","pesticide",0.451143451,0.513513514,120,120,54.13721412,65.86278588,61.62162168,58.37837832,-0.129490984352858,0.018032985680531
"Doublet et al 2015",2015,"Do3","Fig 6 d",25,"Enclosures","Adults","Nosema ceranae","Nosema","Thiacloprid","Neonicotinoid","pesticide",0.638344227,0.511982571,120,120,76.60130724,43.39869276,61.43790852,58.56209148,0.220587095152888,0.0126645365717832
"Doublet et al 2015",2015,"Do4","Fig 1",11,"Enclosures","Immatures","BQCV","Virus","Thiacloprid","Neonicotinoid","pesticide",0.166666667,0.102739726,48,48,8.000000016,39.999999984,4.931506848,43.068493152,0.483796953644738,0.286111110915185
"Doublet et al 2015",2015,"Do5","Fig 1",11,"Enclosures","Immatures","BQCV","Virus","Thiacloprid","Neonicotinoid","pesticide",0.166666667,0.102739726,48,48,8.000000016,39.999999984,4.931506848,43.068493152,0.483796953644738,0.286111110915185
"Doublet et al 2015",2015,"Do6","Fig 1",11,"Enclosures","Immatures","BQCV","Virus","Thiacloprid","Neonicotinoid","pesticide",0.166666667,0.102739726,48,48,8.000000016,39.999999984,4.931506848,43.068493152,0.483796953644738,0.286111110915185
"Fine et al 2017",2017,"Fi1","Fig 3",20,"Enclosures","Immatures","Exogenous viruses","Virus","Oss","Non-neonicotinoid","pesticide",0.288793103,0.245689655,216,216,62.379310248,153.620689752,53.06896548,162.93103452,0.161641350705931,0.0256151019166289
"Garrido et al 2016",2016,"Ge1","Fig 1",12,"Enclosures","Adults","Nosema ceranae","Nosema","Tau-fluvalinate","Non-neonicotinoid","pesticide",0.173913043,0.239130435,200,200,34.7826086,165.2173914,47.826087,152.173913,-0.318453734777626,0.0396590909691451
"Garrido et al 2016",2016,"Ge2","Fig 1",12,"Enclosures","Adults","Nosema ceranae","Nosema","Coumaphos","Non-neonicotinoid","pesticide",0.18115942,0.239130435,200,200,36.231884,163.768116,47.826087,152.173913,-0.27763173910737,0.0385090909342426
"Grassl et al 2018",2018,"Gra1","Fig 2",18,"Hive","Adults","Nosema apis","Nosema","Thiamethoxam","Neonicotinoid","pesticide",0.522362869,0.641561181,400,400,208.9451476,191.0548524,256.6244724,143.3755276,-0.205542053575114,0.00368268956909799
"Gregorc et al 2016",2016,"Gre1","Fig 2",33,"Enclosures","Adults","Nosema ceranae","Nosema","Thiamethoxam","Neonicotinoid","pesticide",0.933070866,0.996062992,75,75,69.98031495,5.01968505000001,74.7047244,0.295275599999997,-0.0653293476178056,0.00100910036354192
"Gregorc et al 2016",2016,"Gre2","Fig 2",33,"Enclosures","Adults","Nosema ceranae","Nosema","Thiamethoxam","Neonicotinoid","pesticide",0.937007874,0.996062992,75,75,70.27559055,4.72440945,74.7047244,0.295275599999997,-0.0611188149463701,0.000949059467615752
"Gregorc et al 2016",2016,"Gre3","Fig 3",8,"Enclosures","Adults","Nosema ceranae","Nosema","Thiamethoxam","Neonicotinoid","pesticide",0.932461874,0.39869281,75,75,69.93464055,5.06535945,29.90196075,45.09803925,0.849637044275767,0.0210750217375446
"Gregorc et al 2016",2016,"Gre4","Fig 3",8,"Enclosures","Adults","Nosema ceranae","Nosema","Thiamethoxam","Neonicotinoid","pesticide",0.732026144,0.39869281,75,75,54.9019608,20.0980392,29.90196075,45.09803925,0.607625008555039,0.0249902420316114
"Papach et al 2017",2017,"Pa1","Fig 3",19,"Enclosures","Immatures","American foulbrood","Other","Thiamethoxam","Neonicotinoid","pesticide",0.145503212,0.178265525,96,96,13.968308352,82.031691648,17.1134904,78.8865096,-0.203075990306636,0.109190730338518
"Papach et al 2017",2017,"Pa2","Fig 4",19,"Enclosures","Immatures","American foulbrood","Other","Thiamethoxam","Neonicotinoid","pesticide",0.363855422,0.175903614,96,96,34.930120512,61.069879488,16.886746944,79.113253056,0.7268203991302,0.067013290522297
"Retschnig et al 2014",2014,"Re1","Fig 1",14,"Enclosures","Adults","Nosema ceranae","Nosema","Thiacloprid","Neonicotinoid","pesticide",0.296912114,0.026128266,80,80,23.75296912,56.24703088,2.09026128,77.90973872,2.43041846572866,0.495509091519996
"Retschnig et al 2014",2014,"Re2","Fig 1",14,"Enclosures","Adults","Nosema ceranae","Nosema","Thiacloprid","Neonicotinoid","pesticide",0.325415677,0.026128266,80,80,26.03325416,53.96674584,2.09026128,77.90973872,2.52208565442657,0.491821500272333
"Retschnig et al 2015",2015,"Ret1","Fig 1",14,"Hive","Adults","Nosema ceranae","Nosema","Thiacloprid and tau-fluvalinate","Neonicotinoid","pesticide",0.541076487,0.439093484,594,594,321.399433278,272.600566722,260.821529496,333.178470504,0.208848311616253,0.0035784291197668
"Retschnig et al 2015",2015,"Ret2","Fig 2",11,"Hive","Adults","Nosema ceranae","Nosema","Thiacloprid and tau-fluvalinate","Neonicotinoid","pesticide",0.555240793,0.575070822,594,594,329.813031042,264.186968958,341.592068268,252.407931732,-0.0350913209912491,0.00259248596557465
"Straub et al 2019",2019,"St1","SI",23,"Enclosures","Adults","Varroa","Other","Thiamethoxam and clothianidin","Neonicotinoid","pesticide",0.498168498,0.537906137,273,277,135.999999954,137.000000046,148.999999949,128.000000051,-0.0767457092029818,0.0067912386109752
"Straub et al 2019",2019,"St2","SI",17,"Enclosures","Adults","Varroa","Other","Thiamethoxam and clothianidin","Neonicotinoid","pesticide",0.605932203,0.433224756,236,307,142.999999908,93.000000092,133.000000092,173.999999908,0.335511443264655,0.00701718685896499
"Vidau et al 2011",2011,"Vi1","Fig 3 A",10,"Enclosures","Adults","Nosema ceranae","Nosema","Fipronil","Non-neonicotinoid","pesticide",0.104100946,0.100946372,150,150,15.6151419,134.3848581,15.1419558,134.8580442,0.0307716574659961,0.116748737759579
"Vidau et al 2011",2011,"Vi2","Fig 3 A",10,"Enclosures","Adults","Nosema ceranae","Nosema","Thiacloprid","Neonicotinoid","pesticide",0.14511041,0.100946372,150,150,21.7665615,128.2334385,15.1419558,134.8580442,0.362905495412194,0.0986503625056517
